{
  "project_info": {
    "project_number": "390996180423",
    "firebase_url": "https://eleven-firebase.firebaseio.com",
    "project_id": "eleven-firebase",
    "storage_bucket": "eleven-firebase.appspot.com"
  },
  "client": [
    {
      "client_info": {
        "mobilesdk_app_id": "1:390996180423:android:65a93483d0b435de8aade2",
        "android_client_info": {
          "package_name": "com.pavel.eleve11_worker"
        }
      },
      "oauth_client": [
        {
          "client_id": "390996180423-dovja0eeb3f5s3s8unluuua375kq3e68.apps.googleusercontent.com",
          "client_type": 3
        }
      ],
      "api_key": [
        {
          "current_key": "AIzaSyCWLpp-IEEplDXycLJDCF-cJkSfUj5gqVw"
        }
      ],
      "services": {
        "appinvite_service": {
          "other_platform_oauth_client": [
            {
              "client_id": "390996180423-dovja0eeb3f5s3s8unluuua375kq3e68.apps.googleusercontent.com",
              "client_type": 3
            }
          ]
        }
      }
    },
    {
      "client_info": {
        "mobilesdk_app_id": "1:390996180423:android:a2695a5abb94edac8aade2",
        "android_client_info": {
          "package_name": "paveleng.com"
        }
      },
      "oauth_client": [
        {
          "client_id": "390996180423-dovja0eeb3f5s3s8unluuua375kq3e68.apps.googleusercontent.com",
          "client_type": 3
        }
      ],
      "api_key": [
        {
          "current_key": "AIzaSyCWLpp-IEEplDXycLJDCF-cJkSfUj5gqVw"
        }
      ],
      "services": {
        "appinvite_service": {
          "other_platform_oauth_client": [
            {
              "client_id": "390996180423-dovja0eeb3f5s3s8unluuua375kq3e68.apps.googleusercontent.com",
              "client_type": 3
            }
          ]
        }
      }
    }
  ],
  "configuration_version": "1"
}